{"cameraMode":{"drawMode":0,"name":"Shaded","section":"Shading Mode"},"sceneLighting":true,"audioPlay":false,"sceneViewState":{"showFog":false,"showMaterialUpdate":false,"showSkybox":false,"showFlares":false,"showImageEffects":false,"showParticleSystems":false},"in2DMode":false,"pivot":{"x":0.860595703125,"y":0.770751953125,"z":0.00030517578125},"rotation":{"x":0.07776273787021637,"y":-0.27535587549209597,"z":0.022351831197738649,"w":0.9579343795776367},"size":1.5662986040115357,"orthographic":true}