{"cameraMode":{"drawMode":0,"name":"Shaded","section":"Shading Mode"},"sceneLighting":true,"audioPlay":false,"sceneViewState":{"showFog":false,"showMaterialUpdate":false,"showSkybox":false,"showFlares":false,"showImageEffects":false,"showParticleSystems":false},"in2DMode":false,"pivot":{"x":-0.014190673828125,"y":0.611358642578125,"z":1.0390625},"rotation":{"x":0.04646537825465202,"y":0.027565287426114084,"z":-0.0012827296741306782,"w":0.9985401630401611},"size":2.7108869552612306,"orthographic":true}